"4","1","Fexo120","8","10"
"5","1","Aristoderm cream","75","1"
"6","2","Econate plus cream","48","1"
"9","4","Zimax 250mg","25.08","5"
"10","5","Monas5","8.07","2"
"11","6","Bost Tab","8","10"
"12","6","Cildip 10mg","9","14"
"13","6","Dicaltrol ","10","10"
"14","6","Pregaba 75mg Cap","18","10"
"15","7","Dettol S","60","1"
"16","8","ORS-N","5","1"
"17","9","Bicozin 100ml","55","1"
"18","10","Hexisol50ml","40.12","1"
"19","11","Rosuva 10","20.1","20"
"20","12","Pogo 100ml syrup","90","1"
"21","12","Zesup syp","35.11","1"
"22","13","Alcet 5mg Tab","4.5","10"
"23","13","Cefadyl 200mg Cap","30","5"
"24","13","Seclo20","6","10"
"25","14","Sergel 40mg Cap","10","1"
"26","15","ORS-N","5","2"
"27","16","Cefotil 250","25.17","1"
"28","17","Renxit","5","10"
"29","17","Losectil20","5","10"
"30","18","Flugal150","22.14","4"
"31","19","Pantonix40","8","14"
"32","20","Ace sus 60ml","20.7","1"
"33","21","Ceevit250","2","23"
"34","21","Ceevit DS","3.5","6"
"35","22","Rocal D Vita Tab","210","1"
"36","22","Benoster M wash","150","1"
"37","22","Dettol L","80","1"
"38","22","ORS-N","5","10"
"39","23","Ace Plus Tab","2.5","4"
"40","24","Sergel 20mg Cap","7","5"
"41","24","Seclo20","6","2"
"42","24","Norvis","6.02","5"
"43","25","Epitra0.5","6","10"
"44","25","Renxit","5","10"
"45","25","Vergon 5mg","0.46","10"
"46","26","Napa Extra Tab","2.5","2"
"47","27","Entacyd plus 200","80","1"
"48","28","Rabeca 20","5.02","4"
"49","29","Econate plus cream","48","1"
"50","30","Sergel 20mg Cap","7","30"
"51","31","Seclo20","6","1"
"52","32","Tusca Plus 100ml Syrup","80","1"
"53","33","Rocal D Vita Tab","210","1"
"54","33","Iracet 250mg Tab","16","10"
"55","34","Osartil50","8","10"
"56","35","Fluclox500","10.6","5"
"57","35","Seclo20","6","5"
"58","36","Pevisone 10gm cream","55","1"
"59","36","Renova syrp","20.7","1"
"60","37","Fimoxyl 500mg  Cap","6.78","4"
"61","38","Calbo D","210","1"
"62","38","Angenta Tab","5","20"
"63","38","B126","8","10"
"64","38","Exium 20mg Cap","8.5","10"
"65","38","Napa","1","30"
"66","39","Rubee 20mg Tab","5","10"
"67","39","MOxin 500mg Cap","6.76","10"
"68","40","Sergel 40mg Cap","10","1"
"69","40","Epitra0.5","6","5"
"70","41","Surgical mask","10","1"
"71","42","Napa Extra Tab","2.5","4"
"72","42","Seclo20","6","4"
"73","42","ORS","5","2"
"74","43","ORS-N","5","2"
"75","44","Deleta Tab","5","2"
"76","45","Epitra0.5","6","5"
"77","46","Renxit","5","10"
"78","46","Hexisol 250ml","130","1"
"79","47","Femicon Tab","34.58","1"
"80","48","Neobion Tab","8","10"
"81","49","Pantonix20","6","6"
"82","49","ORS-N","5","2"
"83","50","Econate plus cream","48","1"
"84","51","Tofen 100ml Syrup","65","1"
"85","52","Ceevit250","2","5"
"86","52","Napa Extra Tab","2.5","4"
"87","52","Seclo20","6","2"
"88","53","Neuro B","240","1"
"89","54","Rocal D Vita Tab","210","1"
"90","55","Famotid 20mg Tab","2.05","1"
"91","56","Napa Extra Tab","2.5","2"
"92","57","Zeropain 10mg Tab","12","1"
"93","57","Rabeca 20","5.02","2"
"94","58","Windel plus NS","20","10"
"95","59","Ciprocin500","15.05","2"
"96","60","Napa Extra Tab","2.5","4"
"97","60","Famotid 20mg Tab","2.05","5"
"98","61","Ceevit250","2","10"
"99","61","Solo N/D","23","1"
"100","61","Napa","1","10"
"101","61","Napa 60ml Syrup","20","1"
"102","61","Surgical mask","10","1"
"103","61","Ace Plus Tab","2.5","4"
"104","62","Ace Plus Tab","2.5","4"
"105","63","Seclo20","6","10"
"106","64","ORS-N","5","1"
"107","65","Fimoxyl 500mg  Cap","6.78","1"
"108","66","Insulin syringe","10","1"
"109","66","Napa Extra Tab","2.5","2"
"110","66","Surgical mask","10","1"
"111","67","Comet500","4.02","10"
"112","67","Maxpro 20 tab","7","14"
"113","67","Alatrol  tab","3","10"
"114","67","Seclo20","6","10"
"115","67","Renxit","5","10"
"116","68","Seclo20","6","2"
"117","68","Intimate 5","18.05","2"
"118","69","Tufnil200","10","1"
"119","70","Ace Plus Tab","2.5","2"
"120","71","Fimoxyl 500mg  Cap","6.78","10"
"121","71","Ace Plus Tab","2.5","5"
"122","71","Alatrol  tab","3","5"
"123","71","Seclo20","6","6"
"124","72","Reservix 100","5","2"
"125","73","Motigut 10mg Tab","3.5","4"
"126","74","Alatrol  tab","3","4"
"127","74","Seclo20","6","2"
"128","74","Fimoxyl 500mg  Cap","6.78","1"
"129","74","Zithrin500","35","2"
"130","75","Seclo20","6","10"
"131","76","Napa 60ml Syrup","20","1"
"132","77","MOxin 500mg Cap","6.76","21"
"133","77","Napa Extra Tab","2.5","12"
"134","77","Rubee 20mg Tab","5","14"
"135","78","Dettol S","60","1"
"136","79","Docopa200","6","10"
"137","80","Iracet500mg","30","20"
"138","80",,"0","0"
"139","81","Ciprocin500","15.05","4"
"140","81","ORS-N","5","4"
"141","82","Rabeca 20","5.02","2"
"142","83","Motigut 10mg Tab","3.5","10"
"143","84","ORS-N","5","20"
"144","85","Sergel 20mg Cap","7","10"
"145","86","Tofen 100ml Syrup","65","1"
"146","86","Napa 60ml Syrup","20","1"
"147","87","Napa Extra Tab","2.5","12"
"148","88","Renxit","5","1"
"149","89","ORS-N","5","1"
"150","90","Tusca Plus 100ml Syrup","80","1"
"151","91","Napa Extra Tab","2.5","2"
"152","91","Alatrol  tab","3","2"
"153","92","Avas 10mg","10.07","14"
"154","92","Bislol 5mg","10.07","14"
"155","92","ORS-N","5","20"
"156","93","Napa Extra Tab","2.5","2"
"157","94","Ceevit250","2","5"
"158","95","ORS-N","5","2"
"159","96","Clofenac DT Tab","4","2"
"160","96","Rubee 20mg Tab","5","2"
"161","97","Cefaclav250mg","30","2"
"162","97","Acifix 20mg Tab","7","2"
"163","98","Oceancal-D Tab","10","30"
"164","99","Maxpro 20 cap","7","5"
"165","99","Omidon 10 mg","3","5"
"166","100","Osartil 50 plus","8","10"
"167","101","Femicon Tab","34.58","1"
"168","102","Comet500","4.02","10"
"169","103","Seclo20","6","2"
"170","104","Pantonix40","8","14"
"171","104",,"0","0"
"172","105","Pevisone 10gm cream","55","1"
"173","106","Napa Extra Tab","2.5","4"
"174","107","Domin 10mg","3","30"
"175","108","Dettol S","60","1"
"177","110","Monas10","16","15"
"178","110","Napa","1","10"
"179","111","Fimoxyl 500mg  Cap","6.78","2"
"180","111","Napa Extra Tab","2.5","2"
"181","112","Surgical mask","10","1"
"182","113","Fenadin120","8","2"
"183","113","Ace syp60ml","20.7","1"
"184","113","Napa","1","4"
"185","114","Viodin10% solution15ml ","25.08","1"
"186","115","Dexogut","10","10"
"187","116","Beklo 10mg","9.5","6"
"188","117","Ceevit250","2","5"
"189","118","Rocal D Vita Tab","210","1"
"190","119","Dexpoten plus","100","2"
"191","119","Renxit","5","10"
"192","120","Zimax pfs50ml","200","1"
"193","120","Napa 60ml Syrup","20","1"
"194","121","Solas suspension30ml ","19","1"
"195","122","Seclo20","6","5"
"196","122","Napa Extra Tab","2.5","12"
"197","123","ORS-N","5","1"
"198","124","Comet500","4.02","50"
"199","124","Comprid 80mg","7.02","50"
"200","125","Sergel 40mg Cap","10","2"
"201","126","Tryptin 10","1","20"
"202","127","Clofenac DT Tab","4","1"
"203","127","Maxima20","5","1"
"204","128","Cef-3 200mg","32.25","14"
"205","128","A-Flox500","11","28"
"206","128","Sergel 20mg Cap","7","30"
"207","128","Rolac  10mg Tab","12","14"
"208","128","Calbo D","210","1"
"209","128","Fungidal HC","40.27","1"
"210","129","Levoster 50ml syrup","30.1","1"
"211","130","Emixef 200","35","6"
"212","130","Ceevit250","2","10"
"213","131","Seclo20","6","2"
"214","132","One time bandage","2","4"
"215","133","Ace Plus Tab","2.5","10"
"216","134","Losectil20","5","4"
"217","134","Angenta Tab","5","6"
"218","135","Efodio Tab","4","30"
"219","135","Ceevit250","2","10"
"220","135","Micoral oral gel","60.18","1"
"221","136","HCC pregnancy test cassette","40","1"
"222","136","HCC pregnancy test strip","20","1"
"223","137","Monas10","16","10"
"224","138","Rabeca 20","5.02","2"
"225","139","Motigut 10mg Tab","3.5","20"
"226","140","Losectil20","5","10"
"227","141","ORS-N","5","3"
"228","142","Sergel 20mg Cap","7","1"
"229","142","Domin 10mg","3","1"
"230","143","Seclo20","6","1"
"231","144","T-Cef 200mg Cap","35","3"
"232","144","Alcet 5mg Tab","4.5","10"
"233","145","Tofen 1mg","3","5"
"234","145","Alatrol  tab","3","5"
"235","146","Ace Plus Tab","2.5","10"
"236","147","Filwel silver","285","1"
"237","148","Fimoxyl 500mg  Cap","6.78","6"
"238","149","Alatrol  tab","3","1"
"239","150","ORS-N","5","2"
"240","151","Xinc syp","35","1"
"241","152","Alatrol  tab","3","6"
"242","153","B-50 Forte Cap","1.25","20"
"243","153","Propranol 10 ","0.51","20"
"244","153","Alben DS","5","8"
"245","154","Pantonix20","6","28"
"246","154","Ace Tab","1","50"
"247","155","amdocal 5mg Tab","5","1"
"248","155","Renxit","5","1"
"249","155","Dexamethason0.5","1","20"
"250","156","Fimoxyl 500mg  Cap","6.78","6"
"251","156","Seclo20","6","2"
"252","157","Dexpoten plus","100","1"
"253","157","Fimoxyl 500mg  Cap","6.78","5"
"254","158","Flugal150","22.14","2"
"255","158","Alatrol  tab","3","3"
"256","158","Napa Extra Tab","2.5","12"
"257","159","Flugal150","22.14","1"
"258","159","Losectil20","5","2"
"259","160","Aristovit B","37.2","1"
"260","161","Sergel 20mg Cap","7","30"
"261","161","Sergel 40mg Cap","10","16"
"262","161","Efodio Tab","4","30"
"263","162","Dimerol Tab","7","3"
"264","163","Pantonix20","6","8"
"265","164","Fimoxyl 500mg  Cap","6.78","6"
"266","165","Dimerol Tab","7","14"
"267","166","Renxit","5","5"
"268","166","Sedil ","1.5","5"
"269","167","Losectil20","5","4"
"270","168","Rabeca 20","5.02","2"
"271","169","Alatrol  tab","3","2"
"272","169","Napa Extra Tab","2.5","4"
"273","170","Seclo20","6","1"
"274","171","Senura Napkin (Penty System)","100","1"
"275","172","Fluclox500","10.6","4"
"276","172","ORS-N","5","7"
"277","173","Rocal D Vita Tab","210","2"
"278","174","Bizoran Tab","12","10"
"279","174","Femicon Tab","34.58","1"
"280","174","Pevisone 10gm cream","55","1"
"281","174","Sergel 20mg Cap","7","3"
"282","175","Ace syp60ml","20.7","1"
"283","175","Ciprocin500","15.05","2"
"284","175","Napa","1","5"
"285","175","Ace Tab","1","10"
"286","176","Viodin5%","50","1"
"287","176","Renxit","5","10"
"288","177","Renova syp","20.7","1"
"289","177","Renova suspension","20.7","1"
"290","178","Sergel 20mg Cap","7","10"
"291","179","Zif Ci","4","20"
"292","180","Clofenac DT Tab","4","2"
"293","181","Ciprocin500","15.05","2"
"294","182","Camlodin 5mg","5","30"
"295","182","Met 500mg","4","20"
"296","183","Seclo20","6","20"
"297","183","Napa Extend Tab","1.5","10"
"298","184","Glysup 1.15gm for children ","3","5"
"299","185","Alatrol  tab","3","10"
"300","186","Napa Extra Tab","2.5","12"
"301","186","Flagyl 400mg Tab","1.58","10"
"302","187","Zithrin500","35","2"
"303","188","Seclo20","6","2"
"304","189","Condom(Panther)","15","2"
"305","190","ORS-N","5","1"
"306","191","Seclo20","6","2"
"307","192","Camlodin plus 50","6.02","6"
"308","192","Comprid 80mg","7.02","5"
"309","192","ORS-N","5","2"
"310","192","Napa","1","10"
"311","192","Alatrol  tab","3","3"
"312","193","Furotil plus 500","60","4"
"313","194","Ceevit250","2","2"
"314","195","Surgical mask","10","1"
"315","196","ORS-N","5","3"
"316","196","Deleta Tab","5","1"
"317","197","Clavusef 500mg","50.15","12"
"318","197","Renova XR 665mg","1.51","24"
"319","197","Seacal-D Tab","10","7"
"320","197","Ferozi-CI Cap","3.5","30"
"321","197","Finix 20 mg tab","3.5","20"
"322","198","Alatrol  tab","3","10"
"323","199","E-cap 400","6.5","10"
"324","200","Napa Extra Tab","2.5","4"
"325","200","Rocal D Vita Tab","210","1"
"326","201","Sedil ","1.5","6"
"327","202","Entacyd plus","2","5"
"328","203","Monas10","16","20"
"329","203","Losectil20","5","2"
"330","203","Renxit","5","2"
"331","203","Supravit-PN","5.05","10"
"332","204","Monas10","16","4"
"333","205","Ciprocin500","15.05","2"
"334","206","Seclo20","6","3"
"335","206","Renxit","5","3"
"336","207","Seclo20","6","10"
"337","208","Dettol L","70","1"
"338","209","Cartilex D Tab","12","10"
"339","210","Fimoxyl 500mg  Cap","6.78","5"
"340","211","Amodis500","2","5"
"341","212","Monas10","16","15"
"342","213","Seclo20","6","10"
"343","214","Insulin syringe","10","2"
"344","215","Napa Extra Tab","2.5","2"
"345","216","Rabeca 20","5.02","4"
"346","216","Tofen 100ml Syrup","65","1"
"347","217","Napa Extra Tab","2.5","12"
"348","217","Ambrox 100ml syp","50","1"
"349","218","Maxpro 20 tab","7","10"
"350","219","Sergel 20mg Cap","7","1"
"351","219","Napa Extra Tab","2.5","1"
"352","220","Seclo20","6","8"
"353","221","Clofenac SR","4.02","10"
"354","222","Ceevit250","2","1"
"355","223","Fixocard50","6","10"
"356","224","Alatrol  tab","3","10"
"357","225","Dettol S","60","1"
"358","226","Cefadyl 200mg Cap","30","5"
"359","227","Alatrol  tab","3","10"
"360","228","HCC pregnancy test strip","20","1"
"361","229","Don A","3.15","14"
"362","230","Famotid 20mg Tab","2.05","2"
"363","230","Napa Extra Tab","2.5","2"
"364","230","Renxit","5","2"
"365","231","Fimoxyl 500mg  Cap","6.78","1"
"366","232","Seclo20","6","2"
"367","233","Ace Plus Tab","2.5","10"
"368","233","Domp","2","10"
"369","234","Flindof 200","6","20"
"370","235","Napa 125 suppository","4","2"
"371","236","Renova suspension","20.7","1"
"372","236","Rabe 20","7","10"
"373","237","Emistat 8mg Tab","11","2"
"374","238","Surgical mask","10","2"
"375","239","Ceevit250","2","5"
"376","240","Entacyd plus","2","10"
"377","241","Maxpro 20 cap","7","20"
"378","242","ORS-N","5","1"
"379","243","Sergel 20mg Cap","7","10"
"380","243","Napa Extra Tab","2.5","12"
"381","244","Intimate 10","35.11","1"
"382","244","Sergel 40mg Cap","10","2"
"383","244","Alben DS","5","1"
"384","245","Solas suspension30ml ","19","1"
"385","245","Famotid 20mg Tab","2.05","10"
"386","245","Alben DS","5","3"
"387","245","Sergel 40mg Cap","10","2"
"388","246","Sergel 40mg Cap","10","1"
"389","247","Maxima20","5","14"
"390","248","Solas suspension30ml ","19","1"
"391","248","Pogo 100ml syrup","90","2"
"392","249","Rocal D Vita Tab","210","1"
"393","250","Seclo20","6","2"
"394","251","Seclo20","6","1"
"395","252","Napa Extra Tab","2.5","4"
"396","253","Topicort cream","40.13","1"
"397","254","Rocal D Vita Tab","210","1"
"398","255","Tofen 100ml Syrup","65","1"
"399","255","Zimax 500mg","35.11","2"
"400","255","Napa Extend Tab","1.5","10"
"401","256","Sergel 20mg Cap","7","14"
"402","257","Ocof 100ml Syrup","100","1"
"403","257","Alben DS","5","2"
"404","258","Emistat 8mg Tab","11","2"
"405","259","Losectil20","5","10"
"406","260","Rabeca 20","5.02","2"
"407","261","Napa Extra Tab","2.5","12"
"408","261","Bost Tab","8","10"
"409","261","Dicaltrol ","10","8"
"410","261","Betabis2.5","6.01","14"
"411","262","Napa 60ml Syrup","20","1"
"412","263","Neofloxin 250mg Tab","8.05","14"
"413","263","Flagyl 400mg Tab","1.58","4"
"414","263","Omastin 50mg Tab","8","3"
"415","264","Fluclox500","10.6","1"
"416","265","Famotid 20mg Tab","2.05","20"
"417","265","OstocalD","210","1"
"418","265","Clofenac SR","4.02","10"
"419","266","Napa Extra Tab","2.5","2"
"420","267","Fexo120mg","8","2"
"421","267","Ace Plus Tab","2.5","4"
"422","268","Insulin syringe","10","2"
"423","268","Ceevit250","2","2"
"424","269","Jointec Max Tab","12","10"
"425","269","Coralcal-D Tab","11","10"
"426","269","Flexi 100mg","5","10"
"427","269","Flexibac 10mg Tab","10","15"
"428","269","Sergel 20mg Cap","7","10"
"429","270","Ace sus 60ml","20.7","1"
"430","271","Seclo20","6","2"
"431","272","Ketoral 200mg Tab","9.06","10"
"432","273","Rabeca 20","5.02","2"
"433","274","Zimax 500mg","35.11","2"
"434","275","Solas 100mg","1.15","18"
"435","276","Seclo20","6","3"
"436","277","Napa Extra Tab","2.5","12"
"437","278","Condom(Panther)","15","1"
"438","279","Monas10","16","10"
"439","279","Syringe 5ml(Opso)","5.03","2"
"440","279","Saline set","18","1"
"441","280","Seclo20","6","1"
"442","281","Sergel 20mg Cap","7","4"
"443","282","Fexo120mg","8","5"
"444","283","Alcet 5mg Tab","4.5","10"
"445","283","Furoclav 500mg Tab","50","10"
"446","284","ORS-N","5","2"
"447","285","Seclo20","6","1"
"448","285","Domin 10mg","3","1"
"449","286","Insulin syringe","10","1"
"450","287","Renova suspension","20.7","1"
"451","288","Seclo20","6","1"
"452","289","Alben DS","5","4"
"453","290","Ceevit250","2","20"
"454","291","Ceevit250","2","2"
"455","292","Famotid 20mg Tab","2.05","10"
"456","292","Mulrivit plus","54","1"
"457","293","Losectil20","5","6"
"458","294","Deleta Tab","5","2"
"459","295","Napa Extend Tab","1.5","10"
"460","295","Zimax 500mg","35.11","5"
"461","295","ORS-N","5","2"
"462","296","Ciprocin500","15.05","2"
"463","296","Condom(Panther)","15","1"
"464","296","Ceevit250","2","3"
"465","296","Napa","1","10"
"466","297","Fimoxyl 500mg  Cap","6.78","5"
"467","297","Seclo20","6","2"
"468","297","Losectil20","5","1"
"469","298","Condom(Panther)","15","1"
"470","299","Nexum 20 cap","7.02","60"
"471","299","Motigut 10mg Tab","3.5","60"
"472","299","Neuro B","240","1"
"473","299","Calbo D","210","1"
"474","299","Rupa 10mg Tab","12","30"
"475","300","Ceevit250","2","2"
"476","301","Amodis400","1.23","10"
"477","302","Zimax 500mg","35.11","3"
"478","303","Comet XR 500mg Tab","6","10"
"479","304","Seclo20","6","5"
"480","305","Condom(Panther)","15","1"
"481","306","Alcet 5mg Tab","4.5","5"
"482","307","Tusca Plus 100ml Syrup","80","1"
"483","308","Filwel gold","285","1"
"484","308","Motigut 10mg Tab","3.5","10"
"485","308","Rivotril 0.5mg Tab","8","2"
"486","309","Alben DS","5","2"
"487","309","Ceevit250","2","10"
"488","310","Iracet 250mg Tab","16","10"
"489","311","Losectil20","5","1"
"490","312","Ceevit250","2","2"
"491","313","Alatrol  tab","3","2"
"492","314","Rabeca 20","5.02","2"
"493","315","Sergel 20mg Cap","7","20"
"494","316","ORS-N","5","20"
"495","317","Fluclox250","5.8","10"
"496","318","E-cap 400","6.5","20"
"497","319","Xidolac Meltab 10mg","12","6"
"498","319","Flacol drop","35.11","1"
"499","320","Seclo20","6","10"
"500","321","Fimoxyl 500mg  Cap","6.78","12"
"501","321","Ace Tab","1","10"
"502","322","ORS-N","5","1"
"503","323","ORS-N","5","1"
"504","324","Olmesan 20mg Tab","10","15"
"505","324","Algin 50mg","8","5"
"506","324","Bislol 5mg","10.07","14"
"507","325","Disopan 0.5mg","6","20"
"508","326","ORS-N","5","3"
"509","327","ORS-N","5","2"
"510","328","Viodin10% solution15ml ","25.08","1"
"511","329","Rozith 500mg Tab","35","2"
"512","329","Reservix 100","5","5"
"513","330","Renxit","5","1"
"514","330","amdocal 5mg Tab","5","1"
"515","331","Rolac  10mg Tab","12","3"
"516","332","Seclo20","6","2"
"517","333","Surgical mask","10","1"
"518","334","Flugal150","22.14","2"
"519","334","Betameson N cream","35","1"
"520","335","ORS-N","5","4"
"521","336","Glucomet 850mg","6","10"
"522","336","Gored MR","8.06","10"
"523","337","E-cap 400","6.5","10"
"524","337","Ceevit250","2","10"
"525","338","ORS-N","5","3"
"526","339","ORS","5","2"
"527","340","Seclo20","6","2"
"528","341","Napro 500","7","3"
"529","342","Tusca Plus 100ml Syrup","80","1"
"530","343","Rabe 20","7","20"
"531","343","Trilock 10mg","16","28"
"532","344","Zimax 500mg","35.11","1"
"533","345","Dexpoten plus","100","1"
"534","345","Sergel 20mg Cap","7","10"
"535","345","Lindac 200mg Tab","9.54","5"
"536","345","Monas10","16","5"
"537","345","Calbo D","210","1"
"538","346","Benoster M wash","150","1"
"539","346","Seclo20","6","10"
"540","346","Rozith 500mg Tab","35","5"
"541","346","Rocal D Vita Tab","210","1"
"542","347","Maxpro 20 cap","7","14"
"543","348","Myolax50","7","10"
"544","348","D- Rise 20000","20","4"
"545","348","Joya Sanitary Napkin(Belt)","60","1"
"546","349","Napa Extend Tab","1.5","30"
"547","350","Zimax 500mg","35.11","3"
"548","351","Seclo20","6","10"
"549","352","Disopan 0.5mg","6","4"
"550","353","Motigut 10mg Tab","3.5","10"
"551","353","Napa Extend Tab","1.5","10"
"552","354","Zox sus","35.24","1"
"553","355","Avolac 100 ml","140","1"
"554","356","Hexisol50ml","40.12","1"
"555","356","Deleta Tab","5","2"
"556","357","Sergel 20mg Cap","7","10"
"557","357","Ceevit250","2","10"
"558","358","Ceevit250","2","2"
"559","359","Tofen 1mg","3","5"
"560","359","Ace Plus Tab","2.5","4"
"561","360","Entacyd plus","2","5"
"562","361","Ace Plus Tab","2.5","10"
"563","362","Cef-30ml","135.4","1"
"564","363","Osartil 50 plus","8","10"
"565","364","Ceevit250","2","5"
"566","365","Seclo20","6","2"
"567","366","Dexpoten plus","100","1"
"568","367","Sergel 20mg Cap","7","10"
"569","368","Motigut 10mg Tab","3.5","20"
"570","369","Fimoxyl 500mg  Cap","6.78","3"
"571","370","Rabeca 20","5.02","2"
"572","371","Emistat 4mg/5ml Oral syrup","50","1"
"573","371","Pogo 100ml syrup","90","1"
"574","372","Seclo20","6","3"
"575","372","Ceevit250","2","1"
"576","372","Rabeca 20","5.02","2"
"577","373","Phylopen DS","10.57","28"
"578","373","Dextrosal 5% 1000ml","101","1"
"579","373","Saline set","18","1"
"580","374","Napa Extend Tab","1.5","20"
"581","375","Brodil syp","23","1"
"582","376","Condom(Panther)","15","1"
"583","377","Viodin10% solution15ml ","25.08","1"
"584","378","Contine200","1.6","10"
"585","379","Sergel 20mg Cap","7","1"
"586","380","Seclo20","6","2"
"587","381","Amodis400","1.23","10"
"588","382","Cefadyl 200mg Cap","30","14"
"589","382","Rabeca 20","5.02","14"
"590","382","Amodis500","2","14"
"591","382","Benoster M wash","150","1"
"592","383","Seclo20","6","5"
"593","384","Napa Extra Tab","2.5","12"
"594","385","Sultolin HFA","230","1"
"595","385","Seclo20","6","5"
"596","386","Napa Extra Tab","2.5","4"
"597","387","Napa Extra Tab","2.5","2"
"598","387","Alatrol  tab","3","2"
"599","388","Domin 10mg","3","90"
"600","389","Flexi SR","7.02","20"
"601","389","Rabe 20","7","10"
"602","389","Amodis sus","29.89","1"
"603","389","Calbo D","210","1"
"604","390","Finix 20 mg tab","7","20"
"605","390","Bost Tab","8","10"
"606","390","Cildip 10mg","9","14"
"607","391","Fexo 180","10","10"
"608","392","Don A","3.15","14"
"609","393","Rabeca 20","5.02","2"
"610","394","Comprid XR60","11.03","10"
"611","395","Tryptin 25","1.76","10"
"612","396","Cefotil 250","25.17","2"
"613","397","Propranol 10 ","0.51","10"
"614","398","Renxit","5","2"
"615","399","Danilo 90mg Tab","12","1"
"616","400","Maxpro 20 cap","7","14"
"617","400","Rocal D Vita Tab","210","1"
"618","401","Rocal D Vita Tab","210","1"
"619","401","Benoster M wash","150","1"
"620","402","Ciprocin500","15.05","1"
"621","402","Amodis500","2","1"
"622","403","Pevisone 10gm cream","55","1"
"623","404","Ace sus 60ml","20.7","1"
"624","405","Renxit","5","1"
"625","405","ORS-N","5","1"
"626","406","Napa Extra Tab","2.5","2"
"627","407","Tofen 100ml Syrup","65","1"
"628","408","Ace drop","20.7","2"
"629","409","Amodis sus","29.89","1"
"630","410","Imotil","1","10"
"631","411","Ceevit250","2","2"
"632","412","Alatrol  tab","3","5"
"633","413","Dexpoten plus","100","1"
"634","414","Pevisone 10gm cream","55","1"
"635","414","Flustar500","10","1"
"636","415","Linatab 5mg Tab","18","10"
"637","415","Limpet-4","9.05","14"
"638","416","Ceevit250","2","5"
"639","417","Deleta Tab","5","2"
"640","417","Maxpro 20 cap","7","3"
"641","418","Seclo20","6","5"
"642","419","Efodio Tab","4","10"
"643","420","Anadol 50 mg","8.07","2"
"644","420","Seclo20","6","5"
"645","421","Zimax 500mg","35.11","4"
"646","422","MOxin 500mg Cap","6.76","9"
"647","423","Seclo20","6","1"
"648","424","Eno","15","2"
"649","425","Napa Extra Tab","2.5","12"
"650","426","Rolac  10mg Tab","12","2"
"651","426","Seclo20","6","2"
"652","427","Xinc syp","35","1"
"653","428","Seclo20","6","1"
"654","429","Alben DS","5","1"
"655","430","Losectil 20","5","2"
"656","431","Surgical mask","10","1"
"657","432","amdocal 10","7","5"
"658","432","Renxit","5","5"
"659","433","ORS-N","5","2"
"660","434","Napa Extra Tab","2.5","4"
"661","434","Alatrol  tab","3","2"
"662","435","Benoster M wash","150","1"
"663","435","Clofenac DT Tab","4","6"
"664","436","Danilo 90mg Tab","12","6"
"665","436","Losectil 20","5","10"
"666","437","Rubee 20mg Tab","5","10"
"667","438","Cefadyl 200mg Cap","30","10"
"668","438","Rocal D Vita Tab","210","1"
"669","438","Rubee 20mg Tab","5","10"
"670","439","Hexisol 250ml","130","1"
"671","439","Hexisol50ml","40.12","1"
"672","439","Ciprocin500","15.05","10"
"673","439","ORS-N","5","5"
"674","440","Pase 1mg","8","26"
"675","441","Joya Sanitary Napkin(Wings)","70","1"
"676","441","Alcet 5mg Tab","4.5","7"
"677","442","Napa 60ml Syrup","20","1"
"678","443","Pevisone 10gm cream","55","1"
"679","444","Ceevit250","2","2"
"680","444","Condom(Panther)","15","2"
"681","445","Epitra0.5","6","5"
"682","446","Rabeca 20","5.02","4"
"683","447","Seclo20","6","1"
"684","448","Rupa 10mg Tab","12","10"
"685","449","Fluclox500","10.6","1"
"686","450","Ceevit250","2","1"
"687","451","ORS-N","5","3"
"688","452","Alatrol  tab","3","10"
"689","453","Napro250","4.02","1"
"690","454","Maxpro 20 cap","7","14"
"691","454","Renxit","5","10"
"692","455","Tryptin 10","1","10"
"693","456","Ace Plus Tab","2.5","10"
"694","457","Fimoxyl 500mg  Cap","6.78","5"
"695","457","Ceevit250","2","10"
"696","458","Renxit","5","1"
"697","458","ORS-N","5","1"
"698","459","Avas 10mg","10.07","14"
"699","459","Bislol 5mg","10.07","14"
"700","459","Lijenta 5 mg Tab","22","15"
"701","460","Seclo20","6","2"
"702","460","Losectil 20","5","1"
"703","460","Condom(Panther)","15","1"
"704","460","Sergel 20mg Cap","7","1"
"705","460","Ceevit250","2","3"
"706","460","Deleta Tab","5","2"
"707","460","Solas 100mg","1.15","12"
"708","460","Glysup 1.15gm for children ","3","4"
"709","461","Contine200","1.6","10"
"710","462","Osartil50","8","10"
"711","462","Bexitrol F HFA Inhaler","795","1"
"712","463","Azithrocin 500mg","35.11","5"
"713","463","Napa","1","10"
"714","463","Ceevit250","2","10"
"715","464","Maxpro 20 cap","7","3"
"716","465","Ceevit250","2","6"
"717","466","Seclo20","6","2"
"718","467","Femicon Tab","34.58","1"
"719","467","Ceevit250","2","5"
"720","468","Xinc syp","35","1"
"721","468","Maxpro 20 tab","7","12"
"722","469","Finix 20 mg tab","7","5"
"723","470","Napa Extra Tab","2.5","2"
"724","471","Seclo20","6","1"
"725","472","ORS-N","5","1"
"726","472","Napa Extra Tab","2.5","1"
"727","472","Alatrol  tab","3","1"
"728","472","Domin 10mg","3","5"
"729","473","Flustar500","10","16"
"730","473","Ceevit250","2","10"
"731","473","Ace Tab","1","10"
"732","474","Calcin D Tab","7","10"
"733","475","Renxit","5","10"
"734","476","Sergel 20mg Cap","7","10"
"735","477","Bizoran Tab","12","10"
"736","478","ORS-N","5","20"
"737","479","Femicon Tab","34.58","1"
"738","479","Supravit-M","3.55","10"
"739","480","Napa","1","5"
"740","481","ORS-N","5","1"
"741","482","Furotil 500","45","6"
"742","482","Don A","3.15","14"
"743","483","Zox sus","35.24","1"
"744","484","Furoclav250","30","7"
"745","484","Lindac 200mg Tab","9.54","10"
"746","484","Pantonix40","8","14"
"747","484","Neurobest","8","10"
"748","485","Gliclid 80mg Tab","7","30"
"749","485","Acifix 20mg Tab","7","30"
"750","486","Ceevit250","2","2"
"751","487","Viodin10% solution15ml ","25.08","1"
"752","488","Napa Extra Tab","2.5","4"
"753","489","Alatrol  tab","3","6"
"754","489","Napa Extra Tab","2.5","1"
"755","490","ORS-N","5","20"
"756","491","Alatrol  tab","3","10"
"757","492","Sergel 20mg Cap","7","1"
"758","492","Ceevit250","2","1"
"759","493","Renxit","5","1"
"760","494","ORS-N","5","21"
"761","495","Flacol drop","35.11","1"
"762","496","Rocal D Vita Tab","210","1"
"763","496","Clofenac DT Tab","4","5"
"764","497","Renxit","5","6"
"765","497","ORS-N","5","4"
"766","498","Zimax pfs30ml","140","1"
"767","498","Napa 60ml Syrup","20","1"
"768","498","Tofen 100ml Syrup","65","1"
"769","499","Dimerol Tab","7","14"
"770","500","Ceevit250","2","3"
"771","501","Benoster M wash","150","1"
"772","501","Xidolac Meltab 10mg","12","6"
"773","502","Seclo20","6","10"
"774","503","Fluclox500","10.6","10"
"775","504","ORS-N","5","2"
"776","505","Hexisol50ml","40.12","1"
"777","506","Rhinil ","3","20"
"778","507","Saline set","18","3"
"779","508","Motigut 10mg Tab","3.5","10"
"780","508","ORS-N","5","2"
"781","509","Seclo20","6","10"
"782","510","Pogo 100ml syrup","90","1"
"783","511","Sergel 20mg Cap","7","10"
"784","512","Seclo20","6","5"
"785","513","Sergel 20mg Cap","7","10"
"786","513","Flexi 100mg","5","10"
"787","513","Flexibac 10mg Tab","10","15"
"788","513","Coralcal-D Tab","11","10"
"789","513","Jointec Max Tab","12","10"
"790","513","Zimax 500mg","35.11","3"
"791","514","HCC pregnancy test strip","20","1"
"792","514","Napa 60ml Syrup","20","1"
"793","514","Rabeca 20","5.02","2"
"794","515","Famotid 20mg Tab","2.05","10"
"795","516","Seclo20","6","10"
"796","517","Amit 25mg","2","20"
"797","518","Alben DS","5","2"
"798","519","Losectil 20","5","10"
"799","519","Renxit","5","5"
"800","519","Alben DS","5","1"
"801","519","Maxpro 20 cap","7","4"
"802","520","Sergel 20mg Cap","7","10"
"803","521","M-KAST 10mg  tab","14","2"
"804","522","Gaviflux 200ml sus","250","2"
"805","523","Insulin syringe","10","2"
"806","524","Move","110","1"
"807","525","Rolac  10mg Tab","12","3"
"808","526","Cefotil 250","25.17","9"
"809","527","Motigut 10mg Tab","3.5","10"
"810","528","Rabeca 20","5.02","2"
"811","528","Ceevit250","2","2"
"812","528","Dimerol Tab","7","1"
"813","528","Alatrol  tab","3","1"
"814","528","Napa Extra Tab","2.5","3"
"815","529","Finix 20 mg tab","7","40"
"816","529","Seacal-D Tab","10","20"
"817","529","Ferozi-CI Cap","3.5","20"
"818","529","Fluclox500","10.6","10"
"819","530","Benoster M wash","150","1"
"820","530","Zeropain 10mg Tab","12","12"
"821","530","Alben DS","5","1"
"822","531","Rocal D Vita Tab","210","1"
"823","531","Zeropain 10mg Tab","12","6"
"824","532","Seclo20","6","2"
"825","533","Rabe 20","7","10"
"826","534","Fexo120mg","8","10"
"827","535","Seclo20","6","1"
"828","535","Supravit-M","3.55","1"
"829","536","Dexpoten plus","100","1"
"830","536","Alatrol  tab","3","10"
"831","537","Maxpro 20 cap","7","5"
"832","538","Sefrad 500 mg cap","16.05","2"
"833","538","Ace Plus Tab","2.5","2"
"834","538","Seclo20","6","2"
"835","539","Fexo120mg","8","1"
"836","540","Don A","3.15","21"
"837","540","Moxacil500","6.8","20"
"838","540","Sergel 20mg Cap","7","20"
"839","540","Trevox 500","15.1","10"
"840","541","Furotil 500","45","6"
"841","541","Rolac  10mg Tab","12","6"
"842","541","Rubee 20mg Tab","5","14"
"843","542","NAproxen Plus 500mg Tab (AL)","10","2"
"844","543","Levostar syp 100","45.13","1"
"845","544","Deleta Tab","5","2"
"846","545","M-lucas 10","15","1"
"847","546","Aristovit B","37.2","1"
"848","547","Dexpoten plus","100","1"
"849","548","Finix 20 mg tab","7","20"
"850","548","Tofen 1mg","3","15"
"851","549","Met 500mg","4","10"
"852","549","Losectil 20","5","10"
"853","549","ORS-N","5","2"
"854","550","Zithrin500","35","8"
"855","551","Hemorif","8.06","10"
"856","551","Pendoril 4mg Tab","14","20"
"857","552","Cildip 5mg","7","14"
"858","553","Hyperoxi","33","2"
"859","554","Joya Sanitary Napkin(Belt)","60","1"
"860","555","Rabeca 20","5.02","3"
"861","556","Atova 10mg Tab","10","10"
"862","556","Fixocard50","6","10"
"863","556","Carva 75","0.75","10"
"864","557","Clonatril 0.5mg Tab","6","5"
"865","557","Fixocard25","5.25","5"
"866","558","Fimoxyl 500mg  Cap","6.78","5"
"867","559","Napa Extra Tab","2.5","4"
"868","560","ORS-N","5","4"
"869","561","Bactrocin 2% oint","140.42","1"
"870","561","Fungidal HC","40.27","1"
"871","562","Napa Extra Tab","2.5","2"
"872","562","Alatrol  tab","3","2"
"873","563","Kiddi 100ml Syrup","80.31","1"
"874","564","Napa 60ml Syrup","20","1"
"875","565","Monas10","16","10"
"876","565","Flindof 200","6","20"
"877","566","ORS-N","5","20"
"878","567","Pevisone 10gm cream","55","1"
"879","568","Amodis500","2","10"
"880","569","Ace sus 60ml","20.7","1"
"881","570","Normens","6","15"
"882","570","Sergel 20mg Cap","7","10"
"883","571","Micoral oral gel","60.18","1"
"884","572","Solas suspension30ml ","19","1"
"885","572","Alben DS","5","2"
"886","573","Napa","1","10"
"887","574","Moxacil500","6.8","6"
"888","574","Maxpro 20 cap","7","6"
"889","575","Intimate20mg","60.18","1"
"890","576","Ceevit250","2","3"
"891","577","Ceevit250","2","10"
"892","577","Seclo20","6","3"
"893","578","Viodin10% solution15ml ","25.08","1"
"894","579","Solas suspension30ml ","19","1"
"895","579","Alcet 5mg Tab","4.5","4"
"896","580","Napa Extra Tab","2.5","4"
"897","580","Flugal150","22.14","1"
"898","580","Fimoxyl 500mg  Cap","6.78","6"
"899","580","Alatrol  tab","3","10"
"900","581","Zimax 500mg","35.11","2"
"901","581","ORS-N","5","2"
"902","581","Imotil","1","2"
"903","582","Maxpro 20 cap","7","3"
